Experiment_Name,Total_Requests,Service_Rate_%,Abandoned_Pax,Avg_Wait_Mins,Total_Solver_Rejections,Avg_Solve_Time_Secs,Final_Obj_Cost,Param_Wait_Max,Param_Cap_1,Param_Rejection_Cost,Param_init_reqs_num_poisson_lambda,Param_reqs_num_poisson_lambda,Param_reqs_pax_size_poisson_lambda,Param_poisson_clip_lb,Param_poisson_clip_ub,Param_n1,Param_n2,Param_n3,Param_cap1,Param_cap2,Param_cap3,Param_cost1,Param_cost2,Param_cost3,Param_t_start,Param_t_end,Param_interval,Param_w_max,Param_a_max,Param_pax_max_wait,Param_board_alight_time,Param_max_late,Param_c_0,Param_M,Param_M_cap,Param_M_time_window,Param_max_opt_time_seconds,Param_start_node_limit,Param_seed,Param_mip_focus_feasibility,Param_presolve_aggressive,Param_mip_gap,Param_heuristics,Param_symmetry,Param_method,Param_b_1,Param_b_2,Param_b_3,Overall_Feasible
Run_20260504_155728_n1_1_n2_1_n3_0_max_opt_time_seconds_240_start_node_limit_1000_mip_focus_feasibiility_1_presolve_aggressive_2,56,23.21,11,5.37,43,240.03,3601.68,13.0,6.0,216.2,,,,,,,,,,,,,,,,,,,,,,,,,,,,,,,,,,,,,,,
Run_20260504_165053_n1_1_n2_1_n3_0_max_opt_time_seconds_360_start_node_limit_1000_mip_focus_feasibiility_1_presolve_aggressive_2,80,28.75,19,4.76,83,360.08,4862.3,13.0,6.0,216.2,,,,,,,,,,,,,,,,,,,,,,,,,,,,,,,,,,,,,,,
Run_20260504_173523_n1_1_n2_1_n3_0_max_opt_time_seconds_240_start_node_limit_1000_mip_focus_feasibiility_1_presolve_aggressive_2_mip_gap_0.05_heuristics_0.2_symmetry_2_method_3,86,30.23,20,6.29,113,240.33,6350.27,13.0,6.0,216.2,,,,,,,,,,,,,,,,,,,,,,,,,,,,,,,,,,,,,,,
Run_20260504_180359_n1_1_n2_1_time_120,25,4.0,0,3.17,6,120.02,1811.6,,,,15.0,10.0,2.0,1.0,8.0,1.0,1.0,0.0,6.0,8.0,12.0,0.87,0.94,0.94,0.0,60.0,10.0,30.0,1.5,13.0,0.0366666666666666,60.0,216.2,4000.0,12.0,1600.0,120.0,1000.0,42.0,1.0,2.0,0.05,0.2,2.0,3.0,1.0,1.0,14.1,
Run_20260504_180513_n1_1_n2_1_n3_0_max_opt_time_seconds_120_start_node_limit_1000_mip_focus_feasibiility_1_presolve_aggressive_2_mip_gap_0.05_heuristics_0.2_symmetry_2_method_3,25,4.0,0,3.17,6,120.02,1811.6,,,,15.0,10.0,2.0,1.0,8.0,1.0,1.0,0.0,6.0,8.0,12.0,0.87,0.94,0.94,0.0,60.0,10.0,30.0,1.5,13.0,0.0366666666666666,60.0,216.2,4000.0,12.0,1600.0,120.0,1000.0,42.0,1.0,2.0,0.05,0.2,2.0,3.0,1.0,1.0,14.1,
Run_20260504_182704_n1_1_n2_1_n3_0_max_opt_time_seconds_180_start_node_limit_1000_mip_focus_feasibiility_1_presolve_aggressive_2_mip_gap_0.05_heuristics_0.2_symmetry_2_method_3,86,25.58,24,5.19,120,180.04,6796.81,,,,15.0,10.0,2.0,1.0,8.0,1.0,1.0,0.0,6.0,8.0,12.0,0.87,0.94,0.94,0.0,60.0,10.0,30.0,1.5,13.0,0.0366666666666666,60.0,216.2,4000.0,12.0,1600.0,180.0,1000.0,42.0,1.0,2.0,0.05,0.2,2.0,3.0,1.0,1.0,14.1,
Run_20260504_183136_n1_1_n2_1_n3_0_max_opt_time_seconds_180_start_node_limit_1000_mip_focus_feasibiility_1_presolve_aggressive_2_mip_gap_0.05_heuristics_0.2_symmetry_2_method_3,86,25.58,24,5.19,120,180.04,6796.81,,,,15.0,10.0,2.0,1.0,8.0,1.0,1.0,0.0,6.0,8.0,12.0,0.87,0.94,0.94,0.0,60.0,10.0,30.0,1.5,13.0,0.0366666666666666,60.0,216.2,4000.0,12.0,1600.0,180.0,1000.0,42.0,1.0,2.0,0.05,0.2,2.0,3.0,1.0,1.0,14.1,
Run_20260504_184340_n1_1_n2_1_n3_0_max_opt_time_seconds_240_start_node_limit_1000_mip_focus_feasibiility_1_presolve_aggressive_2_mip_gap_0.05_heuristics_0.2_symmetry_2_method_3,39,12.82,6,7.01,19,240.02,2512.09,,,,15.0,10.0,2.0,1.0,8.0,1.0,1.0,0.0,6.0,8.0,12.0,0.87,0.94,0.94,0.0,60.0,10.0,30.0,1.5,13.0,0.0366666666666666,60.0,216.2,4000.0,12.0,1600.0,240.0,1000.0,42.0,1.0,2.0,0.05,0.2,2.0,3.0,1.0,1.0,14.1,
Run_20260504_191846_n1_1_n2_1_n3_0_max_opt_time_seconds_300_start_node_limit_1000_mip_focus_feasibiility_1_presolve_aggressive_2_mip_gap_0.05_heuristics_0.2_symmetry_2_method_3,86,25.58,23,6.84,125,300.04,6303.51,,,,15.0,10.0,2.0,1.0,8.0,1.0,1.0,0.0,6.0,8.0,12.0,0.87,0.94,0.94,0.0,60.0,10.0,30.0,1.5,13.0,0.0366666666666666,60.0,216.2,4000.0,12.0,1600.0,300.0,1000.0,42.0,1.0,2.0,0.05,0.2,2.0,3.0,1.0,1.0,14.1,
Run_20260504_200051_n1_1_n2_1_n3_0_max_opt_time_seconds_360_start_node_limit_1000_mip_focus_feasibiility_1_presolve_aggressive_2_mip_gap_0.05_heuristics_0.2_symmetry_2_method_3,80,23.75,24,5.16,92,360.05,5369.23,,,,15.0,10.0,2.0,1.0,8.0,1.0,1.0,0.0,6.0,8.0,12.0,0.87,0.94,0.94,0.0,60.0,10.0,30.0,1.5,13.0,0.0366666666666666,60.0,216.2,4000.0,12.0,1600.0,360.0,1000.0,42.0,1.0,2.0,0.05,0.2,2.0,3.0,1.0,1.0,14.1,
Run_20260504_204956_n1_1_n2_1_n3_0_max_opt_time_seconds_420_start_node_limit_1000_mip_focus_feasibiility_1_presolve_aggressive_2_mip_gap_0.05_heuristics_0.2_symmetry_2_method_3,80,25.0,23,6.7,91,420.03,5419.41,,,,15.0,10.0,2.0,1.0,8.0,1.0,1.0,0.0,6.0,8.0,12.0,0.87,0.94,0.94,0.0,60.0,10.0,30.0,1.5,13.0,0.0366666666666666,60.0,216.2,4000.0,12.0,1600.0,420.0,1000.0,42.0,1.0,2.0,0.05,0.2,2.0,3.0,1.0,1.0,14.1,
Run_20260504_214602_n1_1_n2_1_n3_0_max_opt_time_seconds_480_start_node_limit_1000_mip_focus_feasibiility_1_presolve_aggressive_2_mip_gap_0.05_heuristics_0.2_symmetry_2_method_3,86,27.91,23,7.08,113,480.04,6424.79,,,,15.0,10.0,2.0,1.0,8.0,1.0,1.0,0.0,6.0,8.0,12.0,0.87,0.94,0.94,0.0,60.0,10.0,30.0,1.5,13.0,0.0366666666666666,60.0,216.2,4000.0,12.0,1600.0,480.0,1000.0,42.0,1.0,2.0,0.05,0.2,2.0,3.0,1.0,1.0,14.1,
Run_20260504_221240_n1_1_n2_1_n3_0_max_opt_time_seconds_180_start_node_limit_1000_mip_focus_feasibiility_1_presolve_aggressive_2_mip_gap_0.1_heuristics_0.2_symmetry_2_method_3,86,25.58,24,5.19,120,180.03,6605.01,,,,15.0,10.0,2.0,1.0,8.0,1.0,1.0,0.0,6.0,8.0,12.0,0.87,0.94,0.94,0.0,60.0,10.0,30.0,1.5,13.0,0.0366666666666666,60.0,216.2,4000.0,12.0,1600.0,180.0,1000.0,42.0,1.0,2.0,0.1,0.2,2.0,3.0,1.0,1.0,14.1,
Run_20260504_223345_n1_1_n2_1_n3_0_max_opt_time_seconds_180_start_node_limit_1000_mip_focus_feasibiility_1_presolve_aggressive_2_mip_gap_0.15_heuristics_0.2_symmetry_2_method_3,86,25.58,24,5.19,120,180.04,6605.01,,,,15.0,10.0,2.0,1.0,8.0,1.0,1.0,0.0,6.0,8.0,12.0,0.87,0.94,0.94,0.0,60.0,10.0,30.0,1.5,13.0,0.0366666666666666,60.0,216.2,4000.0,12.0,1600.0,180.0,1000.0,42.0,1.0,2.0,0.15,0.2,2.0,3.0,1.0,1.0,14.1,
Run_20260504_225451_n1_1_n2_1_n3_0_max_opt_time_seconds_180_start_node_limit_1000_mip_focus_feasibiility_1_presolve_aggressive_2_mip_gap_0.2_heuristics_0.2_symmetry_2_method_3,86,27.91,24,2.66,118,180.04,5332.24,,,,15.0,10.0,2.0,1.0,8.0,1.0,1.0,0.0,6.0,8.0,12.0,0.87,0.94,0.94,0.0,60.0,10.0,30.0,1.5,13.0,0.0366666666666666,60.0,216.2,4000.0,12.0,1600.0,180.0,1000.0,42.0,1.0,2.0,0.2,0.2,2.0,3.0,1.0,1.0,14.1,
Run_20260504_231556_n1_1_n2_1_n3_0_max_opt_time_seconds_180_start_node_limit_1000_mip_focus_feasibiility_1_presolve_aggressive_2_mip_gap_0.25_heuristics_0.2_symmetry_2_method_3,86,29.07,24,2.99,115,180.03,5408.69,,,,15.0,10.0,2.0,1.0,8.0,1.0,1.0,0.0,6.0,8.0,12.0,0.87,0.94,0.94,0.0,60.0,10.0,30.0,1.5,13.0,0.0366666666666666,60.0,216.2,4000.0,12.0,1600.0,180.0,1000.0,42.0,1.0,2.0,0.25,0.2,2.0,3.0,1.0,1.0,14.1,
Run_20260504_233700_n1_1_n2_1_n3_0_max_opt_time_seconds_180_start_node_limit_1000_mip_focus_feasibiility_1_presolve_aggressive_2_mip_gap_0.3_heuristics_0.2_symmetry_2_method_3,86,25.58,24,5.19,120,180.03,6605.01,,,,15.0,10.0,2.0,1.0,8.0,1.0,1.0,0.0,6.0,8.0,12.0,0.87,0.94,0.94,0.0,60.0,10.0,30.0,1.5,13.0,0.0366666666666666,60.0,216.2,4000.0,12.0,1600.0,180.0,1000.0,42.0,1.0,2.0,0.3,0.2,2.0,3.0,1.0,1.0,14.1,
Run_20260505_000315_n1_1_n2_1_n3_0_max_opt_time_seconds_180_start_node_limit_500_mip_focus_feasibiility_1_presolve_aggressive_2_mip_gap_0.25_heuristics_0.2_symmetry_2_method_3,86,25.58,24,5.19,120,180.08,6605.01,,,,15.0,10.0,2.0,1.0,8.0,1.0,1.0,0.0,6.0,8.0,12.0,0.87,0.94,0.94,0.0,60.0,10.0,30.0,1.5,13.0,0.0366666666666666,60.0,216.2,4000.0,12.0,1600.0,180.0,500.0,42.0,1.0,2.0,0.25,0.2,2.0,3.0,1.0,1.0,14.1,
Run_20260505_002420_n1_1_n2_1_n3_0_max_opt_time_seconds_180_start_node_limit_1000_mip_focus_feasibiility_1_presolve_aggressive_2_mip_gap_0.25_heuristics_0.2_symmetry_2_method_3,86,25.58,24,5.19,120,180.04,6605.01,,,,15.0,10.0,2.0,1.0,8.0,1.0,1.0,0.0,6.0,8.0,12.0,0.87,0.94,0.94,0.0,60.0,10.0,30.0,1.5,13.0,0.0366666666666666,60.0,216.2,4000.0,12.0,1600.0,180.0,1000.0,42.0,1.0,2.0,0.25,0.2,2.0,3.0,1.0,1.0,14.1,
Run_20260505_004524_n1_1_n2_1_n3_0_max_opt_time_seconds_180_start_node_limit_1500_mip_focus_feasibiility_1_presolve_aggressive_2_mip_gap_0.25_heuristics_0.2_symmetry_2_method_3,86,25.58,24,5.19,120,180.05,6605.01,,,,15.0,10.0,2.0,1.0,8.0,1.0,1.0,0.0,6.0,8.0,12.0,0.87,0.94,0.94,0.0,60.0,10.0,30.0,1.5,13.0,0.0366666666666666,60.0,216.2,4000.0,12.0,1600.0,180.0,1500.0,42.0,1.0,2.0,0.25,0.2,2.0,3.0,1.0,1.0,14.1,
Run_20260505_010629_n1_1_n2_1_n3_0_max_opt_time_seconds_180_start_node_limit_2000_mip_focus_feasibiility_1_presolve_aggressive_2_mip_gap_0.25_heuristics_0.2_symmetry_2_method_3,86,25.58,24,3.75,117,180.11,5559.94,,,,15.0,10.0,2.0,1.0,8.0,1.0,1.0,0.0,6.0,8.0,12.0,0.87,0.94,0.94,0.0,60.0,10.0,30.0,1.5,13.0,0.0366666666666666,60.0,216.2,4000.0,12.0,1600.0,180.0,2000.0,42.0,1.0,2.0,0.25,0.2,2.0,3.0,1.0,1.0,14.1,
Run_20260505_012734_n1_1_n2_1_n3_0_max_opt_time_seconds_180_start_node_limit_2500_mip_focus_feasibiility_1_presolve_aggressive_2_mip_gap_0.25_heuristics_0.2_symmetry_2_method_3,86,27.91,24,4.09,118,180.09,5817.71,,,,15.0,10.0,2.0,1.0,8.0,1.0,1.0,0.0,6.0,8.0,12.0,0.87,0.94,0.94,0.0,60.0,10.0,30.0,1.5,13.0,0.0366666666666666,60.0,216.2,4000.0,12.0,1600.0,180.0,2500.0,42.0,1.0,2.0,0.25,0.2,2.0,3.0,1.0,1.0,14.1,
Run_20260505_013937_n1_1_n2_1_n3_0_max_opt_time_seconds_180_start_node_limit_1000_mip_focus_feasibiility_0_presolve_aggressive_2_mip_gap_0.25_heuristics_0.2_symmetry_2_method_3,46,15.22,8,4.3,34,180.17,3188.88,,,,15.0,10.0,2.0,1.0,8.0,1.0,1.0,0.0,6.0,8.0,12.0,0.87,0.94,0.94,0.0,60.0,10.0,30.0,1.5,13.0,0.0366666666666666,60.0,216.2,4000.0,12.0,1600.0,180.0,1000.0,42.0,0.0,2.0,0.25,0.2,2.0,3.0,1.0,1.0,14.1,
Run_20260505_020042_n1_1_n2_1_n3_0_max_opt_time_seconds_180_start_node_limit_1000_mip_focus_feasibiility_1_presolve_aggressive_2_mip_gap_0.25_heuristics_0.2_symmetry_2_method_3,86,25.58,24,5.19,120,180.24,6605.01,,,,15.0,10.0,2.0,1.0,8.0,1.0,1.0,0.0,6.0,8.0,12.0,0.87,0.94,0.94,0.0,60.0,10.0,30.0,1.5,13.0,0.0366666666666666,60.0,216.2,4000.0,12.0,1600.0,180.0,1000.0,42.0,1.0,2.0,0.25,0.2,2.0,3.0,1.0,1.0,14.1,
Run_20260505_022150_n1_1_n2_1_n3_0_max_opt_time_seconds_180_start_node_limit_1000_mip_focus_feasibiility_2_presolve_aggressive_2_mip_gap_0.25_heuristics_0.2_symmetry_2_method_3,80,17.5,22,2.74,93,180.37,12801.05,,,,15.0,10.0,2.0,1.0,8.0,1.0,1.0,0.0,6.0,8.0,12.0,0.87,0.94,0.94,0.0,60.0,10.0,30.0,1.5,13.0,0.0366666666666666,60.0,216.2,4000.0,12.0,1600.0,180.0,1000.0,42.0,2.0,2.0,0.25,0.2,2.0,3.0,1.0,1.0,14.1,
Run_20260505_024258_n1_1_n2_1_n3_0_max_opt_time_seconds_180_start_node_limit_1000_mip_focus_feasibiility_3_presolve_aggressive_2_mip_gap_0.25_heuristics_0.2_symmetry_2_method_3,86,29.07,21,0.56,122,180.58,6179.97,,,,15.0,10.0,2.0,1.0,8.0,1.0,1.0,0.0,6.0,8.0,12.0,0.87,0.94,0.94,0.0,60.0,10.0,30.0,1.5,13.0,0.0366666666666666,60.0,216.2,4000.0,12.0,1600.0,180.0,1000.0,42.0,3.0,2.0,0.25,0.2,2.0,3.0,1.0,1.0,14.1,
Run_20260507_135926_n1_4_n2_2_n3_1_max_opt_time_seconds_18_start_node_limit_1000_mip_focus_feasibiility_1_presolve_aggressive_2_mip_gap_0.3_heuristics_0.2_symmetry_2_method_3,86,0.0,44,0.0,198,18.13,7783.2,,,,15.0,10.0,2.0,1.0,8.0,4.0,2.0,1.0,6.0,8.0,12.0,0.87,0.94,0.94,0.0,60.0,10.0,30.0,1.5,13.0,0.0366666666666666,60.0,216.2,4000.0,12.0,1600.0,18.0,1000.0,42.0,1.0,2.0,0.3,0.2,2.0,3.0,1.0,1.0,14.1,
Run_20260507_135926_n1_4_n2_2_n3_1_max_opt_time_seconds_18_start_node_limit_1000_mip_focus_feasibiility_1_presolve_aggressive_2_mip_gap_0.3_heuristics_0.2_symmetry_2_method_3,86,0.0,44,0.0,198,18.13,7783.2,,,,15.0,10.0,2.0,1.0,8.0,4.0,2.0,1.0,6.0,8.0,12.0,0.87,0.94,0.94,0.0,60.0,10.0,30.0,1.5,13.0,0.0366666666666666,60.0,216.2,4000.0,12.0,1600.0,18.0,1000.0,42.0,1.0,2.0,0.3,0.2,2.0,3.0,1.0,1.0,14.1,
Run_20260507_141948_n1_4_n2_2_n3_1_max_opt_time_seconds_240_start_node_limit_1000_mip_focus_feasibiility_1_presolve_aggressive_2_mip_gap_0.3_heuristics_0.2_symmetry_2_method_3,56,44.64,0,-1.42,0,240.09,246.88,,,,15.0,10.0,2.0,1.0,8.0,4.0,2.0,1.0,6.0,8.0,12.0,0.87,0.94,0.94,0.0,60.0,10.0,30.0,1.5,13.0,0.0366666666666666,60.0,216.2,4000.0,12.0,1600.0,240.0,1000.0,42.0,1.0,2.0,0.3,0.2,2.0,3.0,1.0,1.0,14.1,
Run_20260507_143956_n1_4_n2_2_n3_1_max_opt_time_seconds_300_start_node_limit_1000_mip_focus_feasibiility_1_presolve_aggressive_2_mip_gap_0.3_heuristics_0.2_symmetry_2_method_3,46,34.78,0,2.48,0,300.02,169.32,,,,15.0,10.0,2.0,1.0,8.0,4.0,2.0,1.0,6.0,8.0,12.0,0.87,0.94,0.94,0.0,60.0,10.0,30.0,1.5,13.0,0.0366666666666666,60.0,216.2,4000.0,12.0,1600.0,300.0,1000.0,42.0,1.0,2.0,0.3,0.2,2.0,3.0,1.0,1.0,14.1,
Run_20260507_150401_n1_4_n2_2_n3_1_max_opt_time_seconds_360_start_node_limit_1000_mip_focus_feasibiility_1_presolve_aggressive_2_mip_gap_0.3_heuristics_0.2_symmetry_2_method_3,46,34.78,0,2.54,0,360.02,169.32,,,,15.0,10.0,2.0,1.0,8.0,4.0,2.0,1.0,6.0,8.0,12.0,0.87,0.94,0.94,0.0,60.0,10.0,30.0,1.5,13.0,0.0366666666666666,60.0,216.2,4000.0,12.0,1600.0,360.0,1000.0,42.0,1.0,2.0,0.3,0.2,2.0,3.0,1.0,1.0,14.1,
Run_20260507_153207_n1_4_n2_2_n3_1_max_opt_time_seconds_420_start_node_limit_1000_mip_focus_feasibiility_1_presolve_aggressive_2_mip_gap_0.3_heuristics_0.2_symmetry_2_method_3,46,34.78,0,2.54,0,420.02,169.32,,,,15.0,10.0,2.0,1.0,8.0,4.0,2.0,1.0,6.0,8.0,12.0,0.87,0.94,0.94,0.0,60.0,10.0,30.0,1.5,13.0,0.0366666666666666,60.0,216.2,4000.0,12.0,1600.0,420.0,1000.0,42.0,1.0,2.0,0.3,0.2,2.0,3.0,1.0,1.0,14.1,
Run_20260507_160413_n1_4_n2_2_n3_1_max_opt_time_seconds_480_start_node_limit_1000_mip_focus_feasibiility_1_presolve_aggressive_2_mip_gap_0.3_heuristics_0.2_symmetry_2_method_3,46,34.78,0,2.54,0,480.02,169.32,,,,15.0,10.0,2.0,1.0,8.0,4.0,2.0,1.0,6.0,8.0,12.0,0.87,0.94,0.94,0.0,60.0,10.0,30.0,1.5,13.0,0.0366666666666666,60.0,216.2,4000.0,12.0,1600.0,480.0,1000.0,42.0,1.0,2.0,0.3,0.2,2.0,3.0,1.0,1.0,14.1,
Run_20260507_162531_n1_4_n2_2_n3_1_max_opt_time_seconds_180_start_node_limit_1000_mip_focus_feasibiility_1_presolve_aggressive_2_mip_gap_0.1_heuristics_0.2_symmetry_2_method_3,80,48.75,0,1.62,3,180.78,1047.05,,,,15.0,10.0,2.0,1.0,8.0,4.0,2.0,1.0,6.0,8.0,12.0,0.87,0.94,0.94,0.0,60.0,10.0,30.0,1.5,13.0,0.0366666666666666,60.0,216.2,4000.0,12.0,1600.0,180.0,1000.0,42.0,1.0,2.0,0.1,0.2,2.0,3.0,1.0,1.0,14.1,
Run_20260507_164647_n1_4_n2_2_n3_1_max_opt_time_seconds_180_start_node_limit_1000_mip_focus_feasibiility_1_presolve_aggressive_2_mip_gap_0.15_heuristics_0.2_symmetry_2_method_3,80,48.75,0,1.62,3,180.66,1047.05,,,,15.0,10.0,2.0,1.0,8.0,4.0,2.0,1.0,6.0,8.0,12.0,0.87,0.94,0.94,0.0,60.0,10.0,30.0,1.5,13.0,0.0366666666666666,60.0,216.2,4000.0,12.0,1600.0,180.0,1000.0,42.0,1.0,2.0,0.15,0.2,2.0,3.0,1.0,1.0,14.1,
Run_20260507_170804_n1_4_n2_2_n3_1_max_opt_time_seconds_180_start_node_limit_1000_mip_focus_feasibiility_1_presolve_aggressive_2_mip_gap_0.2_heuristics_0.2_symmetry_2_method_3,80,48.75,0,1.62,3,180.68,1047.05,,,,15.0,10.0,2.0,1.0,8.0,4.0,2.0,1.0,6.0,8.0,12.0,0.87,0.94,0.94,0.0,60.0,10.0,30.0,1.5,13.0,0.0366666666666666,60.0,216.2,4000.0,12.0,1600.0,180.0,1000.0,42.0,1.0,2.0,0.2,0.2,2.0,3.0,1.0,1.0,14.1,
Run_20260507_172922_n1_4_n2_2_n3_1_max_opt_time_seconds_180_start_node_limit_1000_mip_focus_feasibiility_1_presolve_aggressive_2_mip_gap_0.25_heuristics_0.2_symmetry_2_method_3,80,48.75,0,1.62,3,180.74,1047.05,,,,15.0,10.0,2.0,1.0,8.0,4.0,2.0,1.0,6.0,8.0,12.0,0.87,0.94,0.94,0.0,60.0,10.0,30.0,1.5,13.0,0.0366666666666666,60.0,216.2,4000.0,12.0,1600.0,180.0,1000.0,42.0,1.0,2.0,0.25,0.2,2.0,3.0,1.0,1.0,14.1,
Run_20260507_175043_n1_4_n2_2_n3_1_max_opt_time_seconds_180_start_node_limit_1000_mip_focus_feasibiility_1_presolve_aggressive_2_mip_gap_0.3_heuristics_0.2_symmetry_2_method_3,80,48.75,0,1.72,4,181.37,1078.44,,,,15.0,10.0,2.0,1.0,8.0,4.0,2.0,1.0,6.0,8.0,12.0,0.87,0.94,0.94,0.0,60.0,10.0,30.0,1.5,13.0,0.0366666666666666,60.0,216.2,4000.0,12.0,1600.0,180.0,1000.0,42.0,1.0,2.0,0.3,0.2,2.0,3.0,1.0,1.0,14.1,
Run_20260507_181206_n1_4_n2_2_n3_1_max_opt_time_seconds_180_start_node_limit_500_mip_focus_feasibiility_1_presolve_aggressive_2_mip_gap_0.25_heuristics_0.2_symmetry_2_method_3,80,53.75,0,0.06,0,181.43,783.18,,,,15.0,10.0,2.0,1.0,8.0,4.0,2.0,1.0,6.0,8.0,12.0,0.87,0.94,0.94,0.0,60.0,10.0,30.0,1.5,13.0,0.0366666666666666,60.0,216.2,4000.0,12.0,1600.0,180.0,500.0,42.0,1.0,2.0,0.25,0.2,2.0,3.0,1.0,1.0,14.1,
Run_20260507_183326_n1_4_n2_2_n3_1_max_opt_time_seconds_180_start_node_limit_1000_mip_focus_feasibiility_1_presolve_aggressive_2_mip_gap_0.25_heuristics_0.2_symmetry_2_method_3,80,48.75,0,1.62,3,181.3,1047.05,,,,15.0,10.0,2.0,1.0,8.0,4.0,2.0,1.0,6.0,8.0,12.0,0.87,0.94,0.94,0.0,60.0,10.0,30.0,1.5,13.0,0.0366666666666666,60.0,216.2,4000.0,12.0,1600.0,180.0,1000.0,42.0,1.0,2.0,0.25,0.2,2.0,3.0,1.0,1.0,14.1,
Run_20260507_185440_n1_4_n2_2_n3_1_max_opt_time_seconds_180_start_node_limit_1500_mip_focus_feasibiility_1_presolve_aggressive_2_mip_gap_0.25_heuristics_0.2_symmetry_2_method_3,80,50.0,0,1.18,0,180.02,641.43,,,,15.0,10.0,2.0,1.0,8.0,4.0,2.0,1.0,6.0,8.0,12.0,0.87,0.94,0.94,0.0,60.0,10.0,30.0,1.5,13.0,0.0366666666666666,60.0,216.2,4000.0,12.0,1600.0,180.0,1500.0,42.0,1.0,2.0,0.25,0.2,2.0,3.0,1.0,1.0,14.1,
Run_20260507_191250_n1_4_n2_2_n3_1_max_opt_time_seconds_180_start_node_limit_2000_mip_focus_feasibiility_1_presolve_aggressive_2_mip_gap_0.25_heuristics_0.2_symmetry_2_method_3,68,48.53,0,1.63,8,180.01,2417.96,,,,15.0,10.0,2.0,1.0,8.0,4.0,2.0,1.0,6.0,8.0,12.0,0.87,0.94,0.94,0.0,60.0,10.0,30.0,1.5,13.0,0.0366666666666666,60.0,216.2,4000.0,12.0,1600.0,180.0,2000.0,42.0,1.0,2.0,0.25,0.2,2.0,3.0,1.0,1.0,14.1,
Run_20260507_192758_n1_4_n2_2_n3_1_max_opt_time_seconds_180_start_node_limit_2500_mip_focus_feasibiility_1_presolve_aggressive_2_mip_gap_0.25_heuristics_0.2_symmetry_2_method_3,56,41.07,0,0.31,5,180.01,2345.47,,,,15.0,10.0,2.0,1.0,8.0,4.0,2.0,1.0,6.0,8.0,12.0,0.87,0.94,0.94,0.0,60.0,10.0,30.0,1.5,13.0,0.0366666666666666,60.0,216.2,4000.0,12.0,1600.0,180.0,2500.0,42.0,1.0,2.0,0.25,0.2,2.0,3.0,1.0,1.0,14.1,
Run_20260507_193702_n1_4_n2_2_n3_1_max_opt_time_seconds_180_start_node_limit_1000_mip_focus_feasibiility_0_presolve_aggressive_2_mip_gap_0.25_heuristics_0.2_symmetry_2_method_3,39,23.08,0,4.32,0,180.02,201.33,,,,15.0,10.0,2.0,1.0,8.0,4.0,2.0,1.0,6.0,8.0,12.0,0.87,0.94,0.94,0.0,60.0,10.0,30.0,1.5,13.0,0.0366666666666666,60.0,216.2,4000.0,12.0,1600.0,180.0,1000.0,42.0,0.0,2.0,0.25,0.2,2.0,3.0,1.0,1.0,14.1,
Run_20260507_194415_n1_4_n2_2_n3_1_max_opt_time_seconds_180_start_node_limit_1000_mip_focus_feasibiility_1_presolve_aggressive_2_mip_gap_0.25_heuristics_0.2_symmetry_2_method_3,39,28.21,0,1.16,0,180.01,142.8,,,,15.0,10.0,2.0,1.0,8.0,4.0,2.0,1.0,6.0,8.0,12.0,0.87,0.94,0.94,0.0,60.0,10.0,30.0,1.5,13.0,0.0366666666666666,60.0,216.2,4000.0,12.0,1600.0,180.0,1000.0,42.0,1.0,2.0,0.25,0.2,2.0,3.0,1.0,1.0,14.1,
Run_20260507_194642_n1_1_n2_1_n3_0_max_opt_time_seconds_18_start_node_limit_1000_mip_focus_feasibiility_1_presolve_aggressive_2_mip_gap_0.05_heuristics_0.2_symmetry_2_method_3,86,22.09,26,-1.3,145,18.01,7215.79,,,,15.0,10.0,2.0,1.0,8.0,1.0,1.0,0.0,6.0,8.0,12.0,0.87,0.94,0.94,0.0,60.0,10.0,30.0,1.5,13.0,0.0366666666666666,60.0,216.2,4000.0,12.0,1600.0,18.0,1000.0,42.0,1.0,2.0,0.05,0.2,2.0,3.0,1.0,1.0,14.1,
Run_20260507_194642_n1_1_n2_1_n3_0_max_opt_time_seconds_18_start_node_limit_1000_mip_focus_feasibiility_1_presolve_aggressive_2_mip_gap_0.05_heuristics_0.2_symmetry_2_method_3,86,22.09,26,-1.3,145,18.01,7215.79,,,,15.0,10.0,2.0,1.0,8.0,1.0,1.0,0.0,6.0,8.0,12.0,0.87,0.94,0.94,0.0,60.0,10.0,30.0,1.5,13.0,0.0366666666666666,60.0,216.2,4000.0,12.0,1600.0,18.0,1000.0,42.0,1.0,2.0,0.05,0.2,2.0,3.0,1.0,1.0,14.1,Unknown (No 'status' column found)
Run_20260507_201044_n1_1_n2_1_n3_0_max_opt_time_seconds_240_start_node_limit_1000_mip_focus_feasibiility_1_presolve_aggressive_2_mip_gap_0.05_heuristics_0.2_symmetry_2_method_3,68,27.94,16,4.22,62,240.01,4020.18,,,,15.0,10.0,2.0,1.0,8.0,1.0,1.0,0.0,6.0,8.0,12.0,0.87,0.94,0.94,0.0,60.0,10.0,30.0,1.5,13.0,0.0366666666666666,60.0,216.2,4000.0,12.0,1600.0,240.0,1000.0,42.0,1.0,2.0,0.05,0.2,2.0,3.0,1.0,1.0,14.1,Unknown (No 'status' column found)
Run_20260507_203516_n1_1_n2_1_n3_0_max_opt_time_seconds_300_start_node_limit_1000_mip_focus_feasibiility_1_presolve_aggressive_2_mip_gap_0.05_heuristics_0.2_symmetry_2_method_3,56,25.0,9,2.21,45,300.01,3922.7,,,,15.0,10.0,2.0,1.0,8.0,1.0,1.0,0.0,6.0,8.0,12.0,0.87,0.94,0.94,0.0,60.0,10.0,30.0,1.5,13.0,0.0366666666666666,60.0,216.2,4000.0,12.0,1600.0,300.0,1000.0,42.0,1.0,2.0,0.05,0.2,2.0,3.0,1.0,1.0,14.1,Unknown (No 'status' column found)
Run_20260507_203645_n1_1_n2_1_n3_0_max_opt_time_seconds_18_start_node_limit_1000_mip_focus_feasibiility_1_presolve_aggressive_2_mip_gap_0.05_heuristics_0.2_symmetry_2_method_3,46,15.22,11,4.82,45,18.01,4154.11,,,,15.0,10.0,2.0,1.0,8.0,1.0,1.0,0.0,6.0,8.0,12.0,0.87,0.94,0.94,0.0,60.0,10.0,30.0,1.5,13.0,0.0366666666666666,60.0,216.2,4000.0,12.0,1600.0,18.0,1000.0,42.0,1.0,2.0,0.05,0.2,2.0,3.0,1.0,1.0,14.1,
Run_20260507_203645_n1_1_n2_1_n3_0_max_opt_time_seconds_18_start_node_limit_1000_mip_focus_feasibiility_1_presolve_aggressive_2_mip_gap_0.05_heuristics_0.2_symmetry_2_method_3,46,15.22,11,4.82,45,18.01,4154.11,,,,15.0,10.0,2.0,1.0,8.0,1.0,1.0,0.0,6.0,8.0,12.0,0.87,0.94,0.94,0.0,60.0,10.0,30.0,1.5,13.0,0.0366666666666666,60.0,216.2,4000.0,12.0,1600.0,18.0,1000.0,42.0,1.0,2.0,0.05,0.2,2.0,3.0,1.0,1.0,14.1,No
Run_20260507_210448_n1_1_n2_1_n3_0_max_opt_time_seconds_240_start_node_limit_1000_mip_focus_feasibiility_1_presolve_aggressive_2_mip_gap_0.05_heuristics_0.2_symmetry_2_method_3,86,33.72,19,6.02,108,240.01,7256.85,,,,15.0,10.0,2.0,1.0,8.0,1.0,1.0,0.0,6.0,8.0,12.0,0.87,0.94,0.94,0.0,60.0,10.0,30.0,1.5,13.0,0.0366666666666666,60.0,216.2,4000.0,12.0,1600.0,240.0,1000.0,42.0,1.0,2.0,0.05,0.2,2.0,3.0,1.0,1.0,14.1,Yes
Run_20260507_210713_n1_1_n2_1_n3_0_max_opt_time_seconds_300_start_node_limit_1000_mip_focus_feasibiility_1_presolve_aggressive_2_mip_gap_0.05_heuristics_0.2_symmetry_2_method_3,18,0.0,0,0.0,0,0.0,0.0,,,,15.0,10.0,2.0,1.0,8.0,1.0,1.0,0.0,6.0,8.0,12.0,0.87,0.94,0.94,0.0,60.0,10.0,30.0,1.5,13.0,0.03666666666666667,60.0,216.2,4000.0,12.0,1600.0,300.0,1000.0,42.0,1.0,2.0,0.05,0.2,2.0,3.0,1.0,1.0,14.1,No
