time,event_type,description
0.0,SIMULATION_START,"Simulation initialized: 7 passengers, 9 buses"
30,OPTIMIZER_CALL,"Optimizer: 2 pending, 2 assigned"
60,OPTIMIZER_CALL,"Optimizer: 0 pending, 0 assigned"
90,OPTIMIZER_CALL,"Optimizer: 0 pending, 0 assigned"
120,OPTIMIZER_CALL,"Optimizer: 0 pending, 0 assigned"
150,OPTIMIZER_CALL,"Optimizer: 1 pending, 1 assigned"
180,OPTIMIZER_CALL,"Optimizer: 0 pending, 0 assigned"
210,OPTIMIZER_CALL,"Optimizer: 0 pending, 0 assigned"
240,OPTIMIZER_CALL,"Optimizer: 0 pending, 0 assigned"
270,OPTIMIZER_CALL,"Optimizer: 2 pending, 2 assigned"
300,OPTIMIZER_CALL,"Optimizer: 0 pending, 0 assigned"
330,OPTIMIZER_CALL,"Optimizer: 0 pending, 0 assigned"
360,OPTIMIZER_CALL,"Optimizer: 0 pending, 0 assigned"
390,OPTIMIZER_CALL,"Optimizer: 0 pending, 0 assigned"
420,OPTIMIZER_CALL,"Optimizer: 0 pending, 0 assigned"
450,OPTIMIZER_CALL,"Optimizer: 0 pending, 0 assigned"
480,OPTIMIZER_CALL,"Optimizer: 0 pending, 0 assigned"
510,OPTIMIZER_CALL,"Optimizer: 0 pending, 0 assigned"
540,OPTIMIZER_CALL,"Optimizer: 0 pending, 0 assigned"
570,OPTIMIZER_CALL,"Optimizer: 0 pending, 0 assigned"
600,OPTIMIZER_CALL,"Optimizer: 1 pending, 1 assigned"
630,OPTIMIZER_CALL,"Optimizer: 0 pending, 0 assigned"
660,OPTIMIZER_CALL,"Optimizer: 0 pending, 0 assigned"
690,OPTIMIZER_CALL,"Optimizer: 0 pending, 0 assigned"
720,OPTIMIZER_CALL,"Optimizer: 0 pending, 0 assigned"
750,OPTIMIZER_CALL,"Optimizer: 0 pending, 0 assigned"
780,OPTIMIZER_CALL,"Optimizer: 0 pending, 0 assigned"
810,OPTIMIZER_CALL,"Optimizer: 0 pending, 0 assigned"
840,OPTIMIZER_CALL,"Optimizer: 0 pending, 0 assigned"
870,OPTIMIZER_CALL,"Optimizer: 0 pending, 0 assigned"
900.0,BUS_ROUTE_COMPLETED,"BUS_1_T1 completed route, served 0 passengers"
900,OPTIMIZER_CALL,"Optimizer: 0 pending, 0 assigned"
930.0,MINIBUS_IDLE,MINIBUS_1 completed route plan at D
930,OPTIMIZER_CALL,"Optimizer: 0 pending, 0 assigned"
960,OPTIMIZER_CALL,"Optimizer: 0 pending, 0 assigned"
990,OPTIMIZER_CALL,"Optimizer: 0 pending, 0 assigned"
1020,OPTIMIZER_CALL,"Optimizer: 0 pending, 0 assigned"
1050,OPTIMIZER_CALL,"Optimizer: 0 pending, 0 assigned"
1080,OPTIMIZER_CALL,"Optimizer: 0 pending, 0 assigned"
1110,OPTIMIZER_CALL,"Optimizer: 0 pending, 0 assigned"
1140,OPTIMIZER_CALL,"Optimizer: 0 pending, 0 assigned"
1170,OPTIMIZER_CALL,"Optimizer: 0 pending, 0 assigned"
1200.0,BUS_ROUTE_COMPLETED,"BUS_2_T1 completed route, served 0 passengers"
1200.0,MINIBUS_IDLE,MINIBUS_2 completed route plan at E
1200,OPTIMIZER_CALL,"Optimizer: 0 pending, 0 assigned"
1230,OPTIMIZER_CALL,"Optimizer: 0 pending, 0 assigned"
1260,OPTIMIZER_CALL,"Optimizer: 0 pending, 0 assigned"
1290,OPTIMIZER_CALL,"Optimizer: 0 pending, 0 assigned"
1320,OPTIMIZER_CALL,"Optimizer: 0 pending, 0 assigned"
1350,OPTIMIZER_CALL,"Optimizer: 0 pending, 0 assigned"
1380,OPTIMIZER_CALL,"Optimizer: 0 pending, 0 assigned"
1410,OPTIMIZER_CALL,"Optimizer: 0 pending, 0 assigned"
1440.0,BUS_ROUTE_COMPLETED,"BUS_3_T1 completed route, served 1 passengers"
1440,OPTIMIZER_CALL,"Optimizer: 0 pending, 0 assigned"
1470,OPTIMIZER_CALL,"Optimizer: 0 pending, 0 assigned"
1500,OPTIMIZER_CALL,"Optimizer: 0 pending, 0 assigned"
1530,OPTIMIZER_CALL,"Optimizer: 0 pending, 0 assigned"
1560,OPTIMIZER_CALL,"Optimizer: 0 pending, 0 assigned"
1590,OPTIMIZER_CALL,"Optimizer: 0 pending, 0 assigned"
1620,OPTIMIZER_CALL,"Optimizer: 0 pending, 0 assigned"
1650,OPTIMIZER_CALL,"Optimizer: 0 pending, 0 assigned"
1680,OPTIMIZER_CALL,"Optimizer: 0 pending, 0 assigned"
1710,OPTIMIZER_CALL,"Optimizer: 0 pending, 0 assigned"
1740,OPTIMIZER_CALL,"Optimizer: 0 pending, 0 assigned"
1770,OPTIMIZER_CALL,"Optimizer: 0 pending, 0 assigned"
1800,OPTIMIZER_CALL,"Optimizer: 0 pending, 0 assigned"
1830,OPTIMIZER_CALL,"Optimizer: 0 pending, 0 assigned"
1860,OPTIMIZER_CALL,"Optimizer: 0 pending, 0 assigned"
1890,OPTIMIZER_CALL,"Optimizer: 0 pending, 0 assigned"
1920,OPTIMIZER_CALL,"Optimizer: 0 pending, 0 assigned"
1950.0,MINIBUS_IDLE,MINIBUS_3 completed route plan at B
1950,OPTIMIZER_CALL,"Optimizer: 0 pending, 0 assigned"
1980,OPTIMIZER_CALL,"Optimizer: 0 pending, 0 assigned"
2010,OPTIMIZER_CALL,"Optimizer: 0 pending, 0 assigned"
2040,OPTIMIZER_CALL,"Optimizer: 0 pending, 0 assigned"
2070,OPTIMIZER_CALL,"Optimizer: 0 pending, 0 assigned"
2100.0,BUS_ROUTE_COMPLETED,"BUS_1_T2 completed route, served 0 passengers"
2100,OPTIMIZER_CALL,"Optimizer: 0 pending, 0 assigned"
2130,OPTIMIZER_CALL,"Optimizer: 0 pending, 0 assigned"
2160,OPTIMIZER_CALL,"Optimizer: 0 pending, 0 assigned"
2190,OPTIMIZER_CALL,"Optimizer: 0 pending, 0 assigned"
2220,OPTIMIZER_CALL,"Optimizer: 0 pending, 0 assigned"
2250,OPTIMIZER_CALL,"Optimizer: 0 pending, 0 assigned"
2280,OPTIMIZER_CALL,"Optimizer: 0 pending, 0 assigned"
2310,OPTIMIZER_CALL,"Optimizer: 0 pending, 0 assigned"
2340,OPTIMIZER_CALL,"Optimizer: 0 pending, 0 assigned"
2370,OPTIMIZER_CALL,"Optimizer: 0 pending, 0 assigned"
2400.0,BUS_ROUTE_COMPLETED,"BUS_2_T2 completed route, served 0 passengers"
2400,OPTIMIZER_CALL,"Optimizer: 0 pending, 0 assigned"
2430,OPTIMIZER_CALL,"Optimizer: 0 pending, 0 assigned"
2460,OPTIMIZER_CALL,"Optimizer: 0 pending, 0 assigned"
2490,OPTIMIZER_CALL,"Optimizer: 0 pending, 0 assigned"
2520,OPTIMIZER_CALL,"Optimizer: 0 pending, 0 assigned"
2550,OPTIMIZER_CALL,"Optimizer: 0 pending, 0 assigned"
2580,OPTIMIZER_CALL,"Optimizer: 0 pending, 0 assigned"
2610,OPTIMIZER_CALL,"Optimizer: 0 pending, 0 assigned"
2640.0,BUS_ROUTE_COMPLETED,"BUS_3_T2 completed route, served 0 passengers"
2640,OPTIMIZER_CALL,"Optimizer: 0 pending, 0 assigned"
2670,OPTIMIZER_CALL,"Optimizer: 0 pending, 0 assigned"
2700,OPTIMIZER_CALL,"Optimizer: 0 pending, 0 assigned"
2730,OPTIMIZER_CALL,"Optimizer: 0 pending, 0 assigned"
2760,OPTIMIZER_CALL,"Optimizer: 0 pending, 0 assigned"
2790,OPTIMIZER_CALL,"Optimizer: 0 pending, 0 assigned"
2820,OPTIMIZER_CALL,"Optimizer: 0 pending, 0 assigned"
2850,OPTIMIZER_CALL,"Optimizer: 0 pending, 0 assigned"
2880,OPTIMIZER_CALL,"Optimizer: 0 pending, 0 assigned"
2910,OPTIMIZER_CALL,"Optimizer: 0 pending, 0 assigned"
2940,OPTIMIZER_CALL,"Optimizer: 0 pending, 0 assigned"
2970,OPTIMIZER_CALL,"Optimizer: 0 pending, 0 assigned"
3000,OPTIMIZER_CALL,"Optimizer: 0 pending, 0 assigned"
3030,OPTIMIZER_CALL,"Optimizer: 0 pending, 0 assigned"
3060,OPTIMIZER_CALL,"Optimizer: 0 pending, 0 assigned"
3090,OPTIMIZER_CALL,"Optimizer: 0 pending, 0 assigned"
3120,OPTIMIZER_CALL,"Optimizer: 0 pending, 0 assigned"
3150,OPTIMIZER_CALL,"Optimizer: 0 pending, 0 assigned"
3180,OPTIMIZER_CALL,"Optimizer: 0 pending, 0 assigned"
3210,OPTIMIZER_CALL,"Optimizer: 0 pending, 0 assigned"
3240,OPTIMIZER_CALL,"Optimizer: 0 pending, 0 assigned"
3270,OPTIMIZER_CALL,"Optimizer: 0 pending, 0 assigned"
3300.0,BUS_ROUTE_COMPLETED,"BUS_1_T3 completed route, served 0 passengers"
3300,OPTIMIZER_CALL,"Optimizer: 0 pending, 0 assigned"
3330,OPTIMIZER_CALL,"Optimizer: 0 pending, 0 assigned"
3360,OPTIMIZER_CALL,"Optimizer: 0 pending, 0 assigned"
3390,OPTIMIZER_CALL,"Optimizer: 0 pending, 0 assigned"
3420,OPTIMIZER_CALL,"Optimizer: 0 pending, 0 assigned"
3450,OPTIMIZER_CALL,"Optimizer: 0 pending, 0 assigned"
3480,OPTIMIZER_CALL,"Optimizer: 0 pending, 0 assigned"
3510,OPTIMIZER_CALL,"Optimizer: 0 pending, 0 assigned"
3540,OPTIMIZER_CALL,"Optimizer: 0 pending, 0 assigned"
3570,OPTIMIZER_CALL,"Optimizer: 0 pending, 0 assigned"
3600.0,BUS_ROUTE_COMPLETED,"BUS_2_T3 completed route, served 0 passengers"
3600.0,SIMULATION_END,"Simulation completed: 7 arrived, 0 abandoned out of 7 total passengers"
